chatgpt_temp_0_0,Base,0.7317073170731707
chatgpt_temp_0_0,Base + Extra,0.6402439024390244
chatgpt_temp_0_0,PropertyEval,0.5487804878048781
chatgpt_temp_0_0,PropertyEval-Evalplus Overlap Pos,0.5304878048780488
chatgpt_temp_0_0,PropertyEval-Evalplus Overlap Neg,0.3353658536585366
chatgpt_temp_0_8,Base,0.6939024390243903,0.886286656168262,0.9397098686084713
chatgpt_temp_0_8,Base + Extra,0.6195121951219512,0.8181561703069679,0.9067359333661689
chatgpt_temp_0_8,PropertyEval,0.47304878048780485,0.661646407933839,0.7328925590185771
chatgpt_temp_0_8,PropertyEval-Evalplus Overlap Pos,0.4665548780487805,0.6471112936790453,0.7184898607467729
chatgpt_temp_0_8,PropertyEval-Evalplus Overlap Neg,0.0,0.0,0.0
codegen_16b_temp_0_0,Base,0.32926829268292684
codegen_16b_temp_0_0,Base + Extra,0.2621951219512195
codegen_16b_temp_0_0,PropertyEval,0.21341463414634146
codegen_16b_temp_0_0,PropertyEval-Evalplus Overlap Pos,0.2073170731707317
codegen_16b_temp_0_0,PropertyEval-Evalplus Overlap Neg,0.6890243902439024
codegen_16b_temp_0_2,Base,0.32167682926829266,0.47925658524663295,0.6332515860851005
codegen_16b_temp_0_2,Base + Extra,0.26439024390243904,0.39880988799960604,0.5557823258310529
codegen_16b_temp_0_2,PropertyEval,0.21399390243902439,0.3542595701607686,0.4945494358687116
codegen_16b_temp_0_2,PropertyEval-Evalplus Overlap Pos,0.20990853658536587,0.33773942237923277,0.48125489019891504
codegen_16b_temp_0_2,PropertyEval-Evalplus Overlap Neg,0.7064634146341463,0.8264466989344523,0.8904714304106651
codegen_16b_temp_0_4,Base,0.3070426829268293,0.5418539794689412,0.7484750056748218
codegen_16b_temp_0_4,Base + Extra,0.25375000000000003,0.46468706375021446,0.6785650542690371
codegen_16b_temp_0_4,PropertyEval,0.20868902439024392,0.4099578176613009,0.5834226847649093
codegen_16b_temp_0_4,PropertyEval-Evalplus Overlap Pos,0.20487804878048782,0.39789381785382516,0.5741992653175196
codegen_16b_temp_0_4,PropertyEval-Evalplus Overlap Neg,0.6973475609756098,0.8890139755546842,0.9582391737282959
codegen_16b_temp_0_6,Base,0.27774390243902436,0.5582239083529781,0.810835073714988
codegen_16b_temp_0_6,Base + Extra,0.22865853658536586,0.4813471696327318,0.7163387368211688
codegen_16b_temp_0_6,PropertyEval,0.18652439024390244,0.42205610058037674,0.6333520433147055
codegen_16b_temp_0_6,PropertyEval-Evalplus Overlap Pos,0.1821036585365854,0.4075793121004677,0.6025748350117788
codegen_16b_temp_0_6,PropertyEval-Evalplus Overlap Neg,0.7228963414634146,0.9382996120045707,0.9799211101851287
codegen_16b_temp_0_8,Base,0.23243902439024394,0.5308085833916366,0.817968229140345
codegen_16b_temp_0_8,Base + Extra,0.1886280487804878,0.4519978752476561,0.717043247538598
codegen_16b_temp_0_8,PropertyEval,0.1528048780487805,0.39083097963222013,0.6280726653142631
codegen_16b_temp_0_8,PropertyEval-Evalplus Overlap Pos,0.14771341463414636,0.3754835735413015,0.5949411690744585
codegen_16b_temp_0_8,PropertyEval-Evalplus Overlap Neg,0.7660975609756097,0.9660327199099068,0.9969279531730671
codegen2_16b_temp_0_0,Base,0.1951219512195122
codegen2_16b_temp_0_0,Base + Extra,0.16463414634146342
codegen2_16b_temp_0_0,PropertyEval,0.14634146341463414
codegen2_16b_temp_0_0,PropertyEval-Evalplus Overlap Pos,0.14634146341463414
codegen2_16b_temp_0_0,PropertyEval-Evalplus Overlap Neg,0.823170731707317
codegen2_1b_temp_0_0,Base,0.10975609756097561
codegen2_1b_temp_0_0,Base + Extra,0.09146341463414634
codegen2_1b_temp_0_0,PropertyEval,0.06707317073170732
codegen2_1b_temp_0_0,PropertyEval-Evalplus Overlap Pos,0.06707317073170732
codegen2_1b_temp_0_0,PropertyEval-Evalplus Overlap Neg,0.8841463414634146
codegen2_1b_temp_0_2,Base,0.10198170731707318,0.1333203857549203,0.15321920582780713
codegen2_1b_temp_0_2,Base + Extra,0.08664634146341466,0.12061482533334908,0.13492767717120013
codegen2_1b_temp_0_2,PropertyEval,0.06606707317073171,0.09833571957907795,0.11357634602821039
codegen2_1b_temp_0_2,PropertyEval-Evalplus Overlap Pos,0.06551829268292683,0.09623509832129756,0.11053743326876111
codegen2_1b_temp_0_2,PropertyEval-Evalplus Overlap Neg,0.8939634146341464,0.9277295209974544,0.9359733826132742
codegen2_1b_temp_0_4,Base,0.09652439024390243,0.14870213240955335,0.20317188911206568
codegen2_1b_temp_0_4,Base + Extra,0.0799390243902439,0.1318157590274999,0.17132321241536094
codegen2_1b_temp_0_4,PropertyEval,0.06182926829268292,0.10866501368025956,0.1524684147175668
codegen2_1b_temp_0_4,PropertyEval-Evalplus Overlap Pos,0.0611890243902439,0.10831765140893793,0.14941963422976193
codegen2_1b_temp_0_4,PropertyEval-Evalplus Overlap Neg,0.8934146341463414,0.9556778637102147,0.9756042627859178
codegen2_1b_temp_0_6,Base,0.08347560975609757,0.15047811106771694,0.2434637176211163
codegen2_1b_temp_0_6,Base + Extra,0.06850609756097562,0.13715582154138264,0.21496123770903564
codegen2_1b_temp_0_6,PropertyEval,0.05503048780487806,0.11362881674192071,0.18752222542165975
codegen2_1b_temp_0_6,PropertyEval-Evalplus Overlap Pos,0.05414634146341464,0.11279288225587683,0.18409236443342097
codegen2_1b_temp_0_6,PropertyEval-Evalplus Overlap Neg,0.9022865853658536,0.9706749247307235,0.98754027177803
codegen2_1b_temp_0_8,Base,0.06795731707317072,0.14475019595072097,0.2444183424252371
codegen2_1b_temp_0_8,Base + Extra,0.05612804878048781,0.1287423933201593,0.2090725285210444
codegen2_1b_temp_0_8,PropertyEval,0.04649390243902439,0.11104574689380897,0.1990550104897028
codegen2_1b_temp_0_8,PropertyEval-Evalplus Overlap Pos,0.04503048780487805,0.10825235723000423,0.1845010272991561
codegen2_1b_temp_0_8,PropertyEval-Evalplus Overlap Neg,0.9146036585365854,0.9861400400061883,0.9997961331367902
codegen2_3b_temp_0_0,Base,0.15853658536585366
codegen2_3b_temp_0_0,Base + Extra,0.12804878048780488
codegen2_3b_temp_0_0,PropertyEval,0.11585365853658537
codegen2_3b_temp_0_0,PropertyEval-Evalplus Overlap Pos,0.10975609756097561
codegen2_3b_temp_0_0,PropertyEval-Evalplus Overlap Neg,0.8170731707317073
codegen2_3b_temp_0_2,Base,0.15213414634146344,0.2113224640834067,0.26692539806191573
codegen2_3b_temp_0_2,Base + Extra,0.1286280487804878,0.18084085902754415,0.22463280669016977
codegen2_3b_temp_0_2,PropertyEval,0.10701219512195122,0.15724324979779494,0.2058822852626158
codegen2_3b_temp_0_2,PropertyEval-Evalplus Overlap Pos,0.10490853658536586,0.14855621360427484,0.18804744076077595
codegen2_3b_temp_0_2,PropertyEval-Evalplus Overlap Neg,0.8442682926829269,0.8977618267039712,0.9024385335194314
codegen2_3b_temp_0_4,Base,0.14359756097560977,0.23925298009086152,0.3331556406427196
codegen2_3b_temp_0_4,Base + Extra,0.12292682926829268,0.212455349374522,0.2950559927365617
codegen2_3b_temp_0_4,PropertyEval,0.10015243902439025,0.17826255502947794,0.2506196338971808
codegen2_3b_temp_0_4,PropertyEval-Evalplus Overlap Pos,0.09896341463414632,0.17400814411722618,0.24147329695970235
codegen2_3b_temp_0_4,PropertyEval-Evalplus Overlap Neg,0.8479268292682927,0.9306064066324405,0.9495011419293852
codegen2_3b_temp_0_6,Base,0.12496951219512195,0.24094008027614652,0.3724104082234322
codegen2_3b_temp_0_6,Base + Extra,0.10707317073170733,0.21259306723090865,0.31707342483693574
codegen2_3b_temp_0_6,PropertyEval,0.0874390243902439,0.17955013279447468,0.27192903036148636
codegen2_3b_temp_0_6,PropertyEval-Evalplus Overlap Pos,0.0861280487804878,0.17508507536080423,0.26427315657468825
codegen2_3b_temp_0_6,PropertyEval-Evalplus Overlap Neg,0.8620731707317073,0.9558524534661584,0.9769607585092656
codegen2_3b_temp_0_8,Base,0.0971036585365854,0.22377549346749256,0.3812113977958528
codegen2_3b_temp_0_8,Base + Extra,0.08359756097560977,0.20019806467181211,0.3443203722672152
codegen2_3b_temp_0_8,PropertyEval,0.06826219512195122,0.16768008239847657,0.29144809059208027
codegen2_3b_temp_0_8,PropertyEval-Evalplus Overlap Pos,0.06673780487804878,0.16441387647880296,0.28161454910178424
codegen2_3b_temp_0_8,PropertyEval-Evalplus Overlap Neg,0.8854878048780488,0.9844482073656318,0.9939024167246194
codegen2_7b_temp_0_0,Base,0.18292682926829268
codegen2_7b_temp_0_0,Base + Extra,0.16463414634146342
codegen2_7b_temp_0_0,PropertyEval,0.14634146341463414
codegen2_7b_temp_0_0,PropertyEval-Evalplus Overlap Pos,0.14634146341463414
codegen2_7b_temp_0_0,PropertyEval-Evalplus Overlap Neg,0.7865853658536586
codegen2_7b_temp_0_2,Base,0.1801829268292683,0.2492938759909961,0.31239454687077556
codegen2_7b_temp_0_2,Base + Extra,0.15902439024390244,0.21425625248252686,0.26741564076208796
codegen2_7b_temp_0_2,PropertyEval,0.13158536585365854,0.1791591155144745,0.22695741247170498
codegen2_7b_temp_0_2,PropertyEval-Evalplus Overlap Pos,0.13125,0.1771893180071419,0.22104089697524965
codegen2_7b_temp_0_2,PropertyEval-Evalplus Overlap Neg,0.8112804878048779,0.8667496548147979,0.8841460140346472
codegen2_7b_temp_0_4,Base,0.16832317073170733,0.2981949579872966,0.4310221877827216
codegen2_7b_temp_0_4,Base + Extra,0.14658536585365853,0.2605893515701074,0.38635047907382897
codegen2_7b_temp_0_4,PropertyEval,0.12060975609756096,0.22033971920062656,0.32536709269636077
codegen2_7b_temp_0_4,PropertyEval-Evalplus Overlap Pos,0.11966463414634146,0.21523042920435273,0.3162207776003197
codegen2_7b_temp_0_4,PropertyEval-Evalplus Overlap Neg,0.8251524390243902,0.9317553693651077,0.9750781711111618
codegen2_7b_temp_0_6,Base,0.14643292682926828,0.30850838891372223,0.47462198955763557
codegen2_7b_temp_0_6,Base + Extra,0.1259451219512195,0.26319676790117913,0.4233298758127208
codegen2_7b_temp_0_6,PropertyEval,0.09698170731707317,0.2102274651183978,0.3339749785342859
codegen2_7b_temp_0_6,PropertyEval-Evalplus Overlap Pos,0.09463414634146342,0.20113694405700167,0.32392312771792753
codegen2_7b_temp_0_6,PropertyEval-Evalplus Overlap Neg,0.0,0.0,0.0
codegen2_7b_temp_0_8,Base,0.12097560975609756,0.30122705808558403,0.5087094156692366
codegen2_7b_temp_0_8,Base + Extra,0.10283536585365854,0.2592314102933876,0.45993814994068255
codegen2_7b_temp_0_8,PropertyEval,0.08560975609756097,0.2197694714305735,0.39521159312842324
codegen2_7b_temp_0_8,PropertyEval-Evalplus Overlap Pos,0.08402439024390243,0.21527221903536922,0.3885644764381717
codegen2_7b_temp_0_8,PropertyEval-Evalplus Overlap Neg,0.8663719512195124,0.9924521156611479,0.9999999954739168
codegen_2b_temp_0_0,Base,0.24390243902439024
codegen_2b_temp_0_0,Base + Extra,0.21341463414634146
codegen_2b_temp_0_0,PropertyEval,0.18902439024390244
codegen_2b_temp_0_0,PropertyEval-Evalplus Overlap Pos,0.18902439024390244
codegen_2b_temp_0_0,PropertyEval-Evalplus Overlap Neg,0.7621951219512195
codegen_2b_temp_0_2,Base,0.18378048780487807,0.39505133946766896,0.6323527569010247
codegen_2b_temp_0_2,Base + Extra,0.1528048780487805,0.3485756726478364,0.5675386463322802
codegen_2b_temp_0_2,PropertyEval,0.13012195121951223,0.2981171249163175,0.4959568192406513
codegen_2b_temp_0_2,PropertyEval-Evalplus Overlap Pos,0.1259756097560976,0.2900283904456198,0.4825522542585472
codegen_2b_temp_0_2,PropertyEval-Evalplus Overlap Neg,0.8098170731707317,0.9624248831983192,0.9915422997548249
codegen_2b_temp_0_4,Base,0.17966463414634143,0.38514194480779157,0.6138412225452582
codegen_2b_temp_0_4,Base + Extra,0.14990853658536585,0.33919483779826454,0.5524088215537258
codegen_2b_temp_0_4,PropertyEval,0.12503048780487805,0.28374316812550077,0.4671737259993808
codegen_2b_temp_0_4,PropertyEval-Evalplus Overlap Pos,0.12185975609756097,0.277758898213566,0.46047272243708853
codegen_2b_temp_0_4,PropertyEval-Evalplus Overlap Neg,0.8105182926829269,0.9641017779533139,0.986963768277593
codegen_2b_temp_0_6,Base,0.18121951219512192,0.38846823491050875,0.6197518296244309
codegen_2b_temp_0_6,Base + Extra,0.15064024390243902,0.3429915270932209,0.5426429793403297
codegen_2b_temp_0_6,PropertyEval,0.12847560975609756,0.2900584270347876,0.4767909536159835
codegen_2b_temp_0_6,PropertyEval-Evalplus Overlap Pos,0.12460365853658538,0.2832532330633694,0.46304321181522723
codegen_2b_temp_0_6,PropertyEval-Evalplus Overlap Neg,0.8046036585365852,0.9630765848093671,0.9862344945138867
codegen_2b_temp_0_8,Base,0.1834451219512195,0.395870951051275,0.6639588664265273
codegen_2b_temp_0_8,Base + Extra,0.15109756097560975,0.34322389758826505,0.5625319943088123
codegen_2b_temp_0_8,PropertyEval,0.12884146341463412,0.29341620962313997,0.5016578552883034
codegen_2b_temp_0_8,PropertyEval-Evalplus Overlap Pos,0.12493902439024389,0.2855369324921482,0.48181732053493015
codegen_2b_temp_0_8,PropertyEval-Evalplus Overlap Neg,0.8107621951219512,0.9632757238148593,0.9901167125999033
codegen_6b_temp_0_0,Base,0.2926829268292683
codegen_6b_temp_0_0,Base + Extra,0.25
codegen_6b_temp_0_0,PropertyEval,0.21951219512195122
codegen_6b_temp_0_0,PropertyEval-Evalplus Overlap Pos,0.21341463414634146
codegen_6b_temp_0_0,PropertyEval-Evalplus Overlap Neg,0.7134146341463414
codegen_6b_temp_0_2,Base,0.2764024390243902,0.39758896561152185,0.4860250756979426
codegen_6b_temp_0_2,Base + Extra,0.2292073170731707,0.34361057220218144,0.42158419631894894
codegen_6b_temp_0_2,PropertyEval,0.18408536585365853,0.2805614366420489,0.3546063447209759
codegen_6b_temp_0_2,PropertyEval-Evalplus Overlap Pos,0.18216463414634146,0.2732405561462788,0.34554573092719953
codegen_6b_temp_0_2,PropertyEval-Evalplus Overlap Neg,0.7425609756097561,0.8611942178404577,0.9087364424513624
codegen_6b_temp_0_4,Base,0.2626829268292683,0.45192389132129673,0.6566919949589086
codegen_6b_temp_0_4,Base + Extra,0.2175,0.3947014471367564,0.5767249698901258
codegen_6b_temp_0_4,PropertyEval,0.17158536585365855,0.32479235076482305,0.491469680321109
codegen_6b_temp_0_4,PropertyEval-Evalplus Overlap Pos,0.17036585365853663,0.32107810197997544,0.4854099066149293
codegen_6b_temp_0_4,PropertyEval-Evalplus Overlap Neg,0.7414634146341463,0.9093750849667016,0.9447160717555366
codegen_6b_temp_0_6,Base,0.2389329268292683,0.46825193991842906,0.7061758973869926
codegen_6b_temp_0_6,Base + Extra,0.19932926829268297,0.414572881028723,0.6342406193146948
codegen_6b_temp_0_6,PropertyEval,0.15865853658536586,0.3427444711123872,0.5431981878480892
codegen_6b_temp_0_6,PropertyEval-Evalplus Overlap Pos,0.15658536585365854,0.33747051854934357,0.529646313916541
codegen_6b_temp_0_6,PropertyEval-Evalplus Overlap Neg,0.7571646341463414,0.93656764598227,0.9758835959304373
codegen_6b_temp_0_8,Base,0.20030487804878044,0.4516295095407939,0.7318607050735717
codegen_6b_temp_0_8,Base + Extra,0.16509146341463415,0.395683246478701,0.657003516820431
codegen_6b_temp_0_8,PropertyEval,0.13176829268292684,0.32979283446190155,0.5666280264316246
codegen_6b_temp_0_8,PropertyEval-Evalplus Overlap Pos,0.1291768292682927,0.3241118811421926,0.559053180566577
codegen_6b_temp_0_8,PropertyEval-Evalplus Overlap Neg,0.7977439024390245,0.9645674795307744,0.9987055065998275
gpt_4_temp_0_0,Base,0.8841463414634146
gpt_4_temp_0_0,Base + Extra,0.7804878048780488
gpt_4_temp_0_0,PropertyEval,0.6707317073170732
gpt_4_temp_0_0,PropertyEval-Evalplus Overlap Pos,0.6280487804878049
gpt_4_temp_0_0,PropertyEval-Evalplus Overlap Neg,0.15853658536585366
gpt_j_temp_0_0,Base,0.12195121951219512
gpt_j_temp_0_0,Base + Extra,0.10365853658536585
gpt_j_temp_0_0,PropertyEval,0.07926829268292683
gpt_j_temp_0_0,PropertyEval-Evalplus Overlap Pos,0.07926829268292683
gpt_j_temp_0_0,PropertyEval-Evalplus Overlap Neg,0.8658536585365854
gpt_j_temp_0_2,Base,0.11307926829268292,0.1508270378518113,0.1913684275023176
gpt_j_temp_0_2,Base + Extra,0.09484756097560976,0.11898027381716011,0.14867018016808548
gpt_j_temp_0_2,PropertyEval,0.07018292682926829,0.0954908265776337,0.12419173418630756
gpt_j_temp_0_2,PropertyEval-Evalplus Overlap Pos,0.06917682926829267,0.09416076112435617,0.12123115577784158
gpt_j_temp_0_2,PropertyEval-Evalplus Overlap Neg,0.8720121951219512,0.93183218859556,0.9497170439838446
gpt_j_temp_0_4,Base,0.10012195121951219,0.17010807199168446,0.27230301719707434
gpt_j_temp_0_4,Base + Extra,0.08374999999999999,0.1409140480525302,0.22190268359551996
gpt_j_temp_0_4,PropertyEval,0.0654878048780488,0.11756891284808044,0.20445839999566795
gpt_j_temp_0_4,PropertyEval-Evalplus Overlap Pos,0.06347560975609756,0.11559112334158649,0.19968897902519206
gpt_j_temp_0_4,PropertyEval-Evalplus Overlap Neg,0.8864329268292684,0.9672290930194583,0.9809555635000738
gpt_j_temp_0_6,Base,0.08664634146341463,0.17702651381318923,0.31766485222027996
gpt_j_temp_0_6,Base + Extra,0.07234756097560976,0.15196410302595917,0.2677154526219272
gpt_j_temp_0_6,PropertyEval,0.05682926829268293,0.12528838043353488,0.23228707379653873
gpt_j_temp_0_6,PropertyEval-Evalplus Overlap Pos,0.05472560975609757,0.12335375205550354,0.22989806717325612
gpt_j_temp_0_6,PropertyEval-Evalplus Overlap Neg,0.8940243902439025,0.9795319774447926,0.987784284495593
gpt_j_temp_0_8,Base,0.07146341463414635,0.17172614761850538,0.3118141935443521
gpt_j_temp_0_8,Base + Extra,0.05893292682926829,0.14857504526242746,0.2642935458814856
gpt_j_temp_0_8,PropertyEval,0.047164634146341464,0.11958178635012941,0.21743964453978384
gpt_j_temp_0_8,PropertyEval-Evalplus Overlap Pos,0.04582317073170732,0.11819371341461253,0.2116895763398821
gpt_j_temp_0_8,PropertyEval-Evalplus Overlap Neg,0.9130792682926829,0.9899409579214373,0.9999695387188942
gptneo_2b_temp_0_0,Base,0.07926829268292683
gptneo_2b_temp_0_0,Base + Extra,0.06707317073170732
gptneo_2b_temp_0_0,PropertyEval,0.04878048780487805
gptneo_2b_temp_0_0,PropertyEval-Evalplus Overlap Pos,0.04878048780487805
gptneo_2b_temp_0_0,PropertyEval-Evalplus Overlap Neg,0.9146341463414634
gptneo_2b_temp_0_2,Base,0.06451219512195122,0.10457459883900282,0.12632570718403904
gptneo_2b_temp_0_2,Base + Extra,0.05951219512195123,0.07980215137381683,0.08976563826829309
gptneo_2b_temp_0_2,PropertyEval,0.04359756097560976,0.06150916980256619,0.07147295534146382
gptneo_2b_temp_0_2,PropertyEval-Evalplus Overlap Pos,0.04359756097560976,0.06150916980256619,0.07147295534146382
gptneo_2b_temp_0_2,PropertyEval-Evalplus Overlap Neg,0.9160670731707317,0.9590028289180017,0.9687614854554977
gptneo_2b_temp_0_4,Base,0.05509146341463415,0.10984068364553934,0.1627554938579478
gptneo_2b_temp_0_4,Base + Extra,0.04963414634146342,0.08454521271318469,0.11787721281292263
gptneo_2b_temp_0_4,PropertyEval,0.03628048780487805,0.06383129069818409,0.09197551193414459
gptneo_2b_temp_0_4,PropertyEval-Evalplus Overlap Pos,0.03618902439024391,0.06352641262468356,0.08892673144633971
gptneo_2b_temp_0_4,PropertyEval-Evalplus Overlap Neg,0.9296951219512195,0.9734945652355431,0.9816191049484314
gptneo_2b_temp_0_6,Base,0.046371951219512195,0.11785057428618914,0.2099640624266031
gptneo_2b_temp_0_6,Base + Extra,0.04036585365853658,0.09292404318774683,0.17581624321672273
gptneo_2b_temp_0_6,PropertyEval,0.03,0.0684885900258244,0.13368596357645302
gptneo_2b_temp_0_6,PropertyEval-Evalplus Overlap Pos,0.029634146341463417,0.06812631840774377,0.13063718308864813
gptneo_2b_temp_0_6,PropertyEval-Evalplus Overlap Neg,0.9354268292682927,0.9829590120057052,0.9923810076544649
gptneo_2b_temp_0_8,Base,0.03670731707317074,0.10563596259449773,0.19304227828407405
gptneo_2b_temp_0_8,Base + Extra,0.03195121951219513,0.08770527721254792,0.1682715261350711
gptneo_2b_temp_0_8,PropertyEval,0.024085365853658544,0.06278708217022602,0.12441027379083276
gptneo_2b_temp_0_8,PropertyEval-Evalplus Overlap Pos,0.023689024390243913,0.06253559062502094,0.12441027379083207
gptneo_2b_temp_0_8,PropertyEval-Evalplus Overlap Neg,0.9432317073170732,0.99324234603302,0.9999995045973639
incoder_1b_temp_0_0,Base,0.12195121951219512
incoder_1b_temp_0_0,Base + Extra,0.10365853658536585
incoder_1b_temp_0_0,PropertyEval,0.07926829268292683
incoder_1b_temp_0_0,PropertyEval-Evalplus Overlap Pos,0.07926829268292683
incoder_1b_temp_0_0,PropertyEval-Evalplus Overlap Neg,0.8475609756097561
incoder_1b_temp_0_2,Base,0.0998780487804878,0.1460162386612593,0.18918597221387565
incoder_1b_temp_0_2,Base + Extra,0.0834451219512195,0.12318832532689128,0.15602007187206934
incoder_1b_temp_0_2,PropertyEval,0.06463414634146342,0.10421956786349243,0.13252509342457672
incoder_1b_temp_0_2,PropertyEval-Evalplus Overlap Pos,0.06454268292682927,0.1035287526984558,0.13236464057124336
incoder_1b_temp_0_2,PropertyEval-Evalplus Overlap Neg,0.8826219512195121,0.9510473838183169,0.9695092729285206
incoder_1b_temp_0_4,Base,0.0842987804878049,0.15635273470116667,0.23973570916610662
incoder_1b_temp_0_4,Base + Extra,0.0701829268292683,0.13884002231674897,0.20539102549019386
incoder_1b_temp_0_4,PropertyEval,0.05847560975609756,0.1151889587637489,0.174461472312074
incoder_1b_temp_0_4,PropertyEval-Evalplus Overlap Pos,0.05835365853658537,0.11482974470466738,0.17141269182426197
incoder_1b_temp_0_4,PropertyEval-Evalplus Overlap Neg,0.9025,0.9785350313192269,0.9878001545080948
incoder_1b_temp_0_6,Base,0.07082317073170732,0.1590478984527,0.2519564518995759
incoder_1b_temp_0_6,Base + Extra,0.058109756097560986,0.14043791151270119,0.21782583038581083
incoder_1b_temp_0_6,PropertyEval,0.04923780487804879,0.11458125576482667,0.17706136442801787
incoder_1b_temp_0_6,PropertyEval-Evalplus Overlap Pos,0.04871951219512196,0.11318801120643944,0.1713328819903935
incoder_1b_temp_0_6,PropertyEval-Evalplus Overlap Neg,0.9142073170731708,0.9862576759099471,0.9937213926508184
incoder_1b_temp_0_8,Base,0.052469512195121956,0.14148302164046533,0.22057405467833358
incoder_1b_temp_0_8,Base + Extra,0.04417682926829268,0.1235790220369847,0.19118276062168374
incoder_1b_temp_0_8,PropertyEval,0.038048780487804884,0.1002498043730487,0.15699530262761485
incoder_1b_temp_0_8,PropertyEval-Evalplus Overlap Pos,0.03749999999999999,0.09962838875299722,0.15392437856986635
incoder_1b_temp_0_8,PropertyEval-Evalplus Overlap Neg,0.9245121951219513,0.994611865016569,0.9999977730172536
incoder_6b_temp_0_0,Base,0.15853658536585366
incoder_6b_temp_0_0,Base + Extra,0.11585365853658537
incoder_6b_temp_0_0,PropertyEval,0.10365853658536585
incoder_6b_temp_0_0,PropertyEval-Evalplus Overlap Pos,0.09146341463414634
incoder_6b_temp_0_0,PropertyEval-Evalplus Overlap Neg,0.8292682926829268
incoder_6b_temp_0_2,Base,0.15603658536585366,0.25444807978796663,0.3258685801111753
incoder_6b_temp_0_2,Base + Extra,0.12414634146341463,0.20330662476027322,0.26717960832549287
incoder_6b_temp_0_2,PropertyEval,0.0898170731707317,0.15811157728943298,0.22381971185775748
incoder_6b_temp_0_2,PropertyEval-Evalplus Overlap Pos,0.08932926829268292,0.15440987078600077,0.21307285327042294
incoder_6b_temp_0_2,PropertyEval-Evalplus Overlap Neg,0.8390548780487807,0.9111926873342056,0.9283602655682011
incoder_6b_temp_0_4,Base,0.13707317073170733,0.27732702743150306,0.41654066023546255
incoder_6b_temp_0_4,Base + Extra,0.10920731707317073,0.2235494461361145,0.3367429546737926
incoder_6b_temp_0_4,PropertyEval,0.08362804878048781,0.17864133732584095,0.2843290443888149
incoder_6b_temp_0_4,PropertyEval-Evalplus Overlap Pos,0.08274390243902438,0.17484849582594422,0.27518280847419413
incoder_6b_temp_0_4,PropertyEval-Evalplus Overlap Neg,0.8533231707317073,0.9595296333599526,0.9695121850704376
incoder_6b_temp_0_6,Base,0.11439024390243906,0.2749988164799022,0.4504387165564537
incoder_6b_temp_0_6,Base + Extra,0.09158536585365856,0.22783139718016257,0.3963304052471796
incoder_6b_temp_0_6,PropertyEval,0.07362804878048781,0.18516395708894623,0.3408200803280013
incoder_6b_temp_0_6,PropertyEval-Evalplus Overlap Pos,0.07140243902439025,0.17943874499497284,0.3277623770230034
incoder_6b_temp_0_6,PropertyEval-Evalplus Overlap Neg,0.8707926829268293,0.9675353602826129,0.9794398823385164
incoder_6b_temp_0_8,Base,0.09301829268292683,0.24096861037831635,0.4209642108067922
incoder_6b_temp_0_8,Base + Extra,0.07451219512195123,0.19907042426652996,0.3478044151102731
incoder_6b_temp_0_8,PropertyEval,0.06265243902439026,0.16740601199677568,0.30819489696455943
incoder_6b_temp_0_8,PropertyEval-Evalplus Overlap Pos,0.06045731707317073,0.1617655959143286,0.2851346789411615
incoder_6b_temp_0_8,PropertyEval-Evalplus Overlap Neg,0.8925609756097561,0.9796013361598978,0.9931042958127398
polycoder_temp_0_0,Base,0.06097560975609756
polycoder_temp_0_0,Base + Extra,0.054878048780487805
polycoder_temp_0_0,PropertyEval,0.042682926829268296
polycoder_temp_0_0,PropertyEval-Evalplus Overlap Pos,0.042682926829268296
polycoder_temp_0_0,PropertyEval-Evalplus Overlap Neg,0.926829268292683
polycoder_temp_0_2,Base,0.05911585365853659,0.08675138660930101,0.10212109736096764
polycoder_temp_0_2,Base + Extra,0.05253048780487805,0.06512759241759362,0.07280098976984123
polycoder_temp_0_2,PropertyEval,0.04030487804878048,0.0529324704663741,0.06060586781862171
polycoder_temp_0_2,PropertyEval-Evalplus Overlap Pos,0.04030487804878048,0.0529324704663741,0.06060586781862171
polycoder_temp_0_2,PropertyEval-Evalplus Overlap Neg,0.9263414634146342,0.9573175400428279,0.9626639294031131
polycoder_temp_0_4,Base,0.055060975609756105,0.10283815624277001,0.15543590955197406
polycoder_temp_0_4,Base + Extra,0.04902439024390245,0.08091292909683472,0.11089741724281507
polycoder_temp_0_4,PropertyEval,0.036310975609756095,0.06231215215671901,0.08838875756580013
polycoder_temp_0_4,PropertyEval-Evalplus Overlap Pos,0.03615853658536585,0.062312152156705804,0.08838875756580013
polycoder_temp_0_4,PropertyEval-Evalplus Overlap Neg,0.9253658536585365,0.9645268482359277,0.9874943839952554
polycoder_temp_0_6,Base,0.04911585365853658,0.09896099957762369,0.1707426896698936
polycoder_temp_0_6,Base + Extra,0.04265243902439024,0.08253853574414888,0.1400501984512652
polycoder_temp_0_6,PropertyEval,0.03375,0.06709872065559866,0.12715856304670595
polycoder_temp_0_6,PropertyEval-Evalplus Overlap Pos,0.032926829268292684,0.06586857335978909,0.11876292632651678
polycoder_temp_0_6,PropertyEval-Evalplus Overlap Neg,0.9355792682926829,0.9820094286661311,0.9931470329016756
polycoder_temp_0_8,Base,0.03969512195121951,0.09498032103443357,0.16376014207262327
polycoder_temp_0_8,Base + Extra,0.03426829268292683,0.07887740904024397,0.12488189021993522
polycoder_temp_0_8,PropertyEval,0.02615853658536586,0.061840810839544846,0.11872225766707167
polycoder_temp_0_8,PropertyEval-Evalplus Overlap Pos,0.02570121951219512,0.05981490329465458,0.10574576337256372
polycoder_temp_0_8,PropertyEval-Evalplus Overlap Neg,0.9282012195121953,0.9929902890887522,0.9999996660351571
santacoder_temp_0_0,Base,0.14634146341463414
santacoder_temp_0_0,Base + Extra,0.12804878048780488
santacoder_temp_0_0,PropertyEval,0.10365853658536585
santacoder_temp_0_0,PropertyEval-Evalplus Overlap Pos,0.10365853658536585
santacoder_temp_0_0,PropertyEval-Evalplus Overlap Neg,0.8170731707317073
santacoder_temp_0_2,Base,0.16134146341463415,0.22466389963237055,0.28322561938993623
santacoder_temp_0_2,Base + Extra,0.13731707317073172,0.19556184834248672,0.25178708976988
santacoder_temp_0_2,PropertyEval,0.11329268292682926,0.1641108372233404,0.2121376229234528
santacoder_temp_0_2,PropertyEval-Evalplus Overlap Pos,0.11314024390243903,0.16351434995816547,0.20755679193926355
santacoder_temp_0_2,PropertyEval-Evalplus Overlap Neg,0.8324695121951218,0.8984636427593831,0.9024390243901702
santacoder_temp_0_4,Base,0.16603658536585367,0.27974253154473244,0.3844674068222845
santacoder_temp_0_4,Base + Extra,0.1396341463414634,0.241674678808194,0.3237373440868293
santacoder_temp_0_4,PropertyEval,0.11826219512195121,0.2081564898267746,0.29326507085951115
santacoder_temp_0_4,PropertyEval-Evalplus Overlap Pos,0.11746951219512196,0.206936463123051,0.2810699489082916
santacoder_temp_0_4,PropertyEval-Evalplus Overlap Neg,0.8257926829268293,0.9199067619902856,0.9418817435342061
santacoder_temp_0_6,Base,0.16073170731707317,0.2918108897178632,0.4436391142504798
santacoder_temp_0_6,Base + Extra,0.13475609756097562,0.25726320325926916,0.3867041664158094
santacoder_temp_0_6,PropertyEval,0.11365853658536586,0.2240794247875999,0.3337447968089225
santacoder_temp_0_6,PropertyEval-Evalplus Overlap Pos,0.11189024390243903,0.2182249340340504,0.321534297278592
santacoder_temp_0_6,PropertyEval-Evalplus Overlap Neg,0.8271646341463414,0.9434242958681333,0.9661013017955036
santacoder_temp_0_8,Base,0.1401219512195122,0.2824622158266931,0.45403474871635385
santacoder_temp_0_8,Base + Extra,0.11606707317073171,0.2476221468663588,0.3997004653163882
santacoder_temp_0_8,PropertyEval,0.09753048780487805,0.21379963665422602,0.342994127407102
santacoder_temp_0_8,PropertyEval-Evalplus Overlap Pos,0.09579268292682927,0.21154452822696837,0.3369393035193982
santacoder_temp_0_8,PropertyEval-Evalplus Overlap Neg,0.8428048780487805,0.9572710613799184,0.9725510828073888
stablelm_7b_temp_0_0,Base,0.024390243902439025
stablelm_7b_temp_0_0,Base + Extra,0.024390243902439025
stablelm_7b_temp_0_0,PropertyEval,0.012195121951219513
stablelm_7b_temp_0_0,PropertyEval-Evalplus Overlap Pos,0.012195121951219513
stablelm_7b_temp_0_0,PropertyEval-Evalplus Overlap Neg,0.9695121951219512
stablelm_7b_temp_0_2,Base,0.02713414634146342,0.053924002841013875,0.07007909757812494
stablelm_7b_temp_0_2,Base + Extra,0.026310975609756107,0.048984517799643405,0.060932756128726256
stablelm_7b_temp_0_2,PropertyEval,0.014176829268292687,0.03343580527416105,0.04264017879372233
stablelm_7b_temp_0_2,PropertyEval-Evalplus Overlap Pos,0.014176829268292687,0.03343580527416105,0.04264017879372233
stablelm_7b_temp_0_2,PropertyEval-Evalplus Overlap Neg,0.9685060975609755,0.9867331771760595,0.9937213705027839
stablelm_7b_temp_0_4,Base,0.024298780487804882,0.06788537222015664,0.12200393702618333
stablelm_7b_temp_0_4,Base + Extra,0.022926829268292686,0.06023326166396012,0.09798159335062095
stablelm_7b_temp_0_4,PropertyEval,0.014207317073170736,0.04401376009195005,0.07968891134266581
stablelm_7b_temp_0_4,PropertyEval-Evalplus Overlap Pos,0.014115853658536591,0.043898828086603114,0.07968891132397787
stablelm_7b_temp_0_4,PropertyEval-Evalplus Overlap Neg,0.963689024390244,0.9958295096694957,0.9999998944081698
stablelm_7b_temp_0_6,Base,0.02121951219512196,0.07478031487965206,0.15819424065447693
stablelm_7b_temp_0_6,Base + Extra,0.019390243902439035,0.06643973816173518,0.1319360301464539
stablelm_7b_temp_0_6,PropertyEval,0.013140243902439029,0.045448147839362005,0.1010599680001102
stablelm_7b_temp_0_6,PropertyEval-Evalplus Overlap Pos,0.013048780487804881,0.044979383202700306,0.10105232723703961
stablelm_7b_temp_0_6,PropertyEval-Evalplus Overlap Neg,0.9642073170731708,0.9993908943662235,1.0
stablelm_7b_temp_0_8,Base,0.015274390243902449,0.05945038669903133,0.13840394416371257
stablelm_7b_temp_0_8,Base + Extra,0.01353658536585366,0.054177031232647783,0.1189355992351969
stablelm_7b_temp_0_8,PropertyEval,0.010000000000000002,0.035844717109552296,0.09185608186165697
stablelm_7b_temp_0_8,PropertyEval-Evalplus Overlap Pos,0.009725609756097563,0.03551062244690929,0.0888073013738521
stablelm_7b_temp_0_8,PropertyEval-Evalplus Overlap Neg,0.9738414634146342,0.9997349813568346,1.0
starcoder_temp_0_0,Base,0.34146341463414637
starcoder_temp_0_0,Base + Extra,0.2926829268292683
starcoder_temp_0_0,PropertyEval,0.25
starcoder_temp_0_0,PropertyEval-Evalplus Overlap Pos,0.24390243902439024
starcoder_temp_0_0,PropertyEval-Evalplus Overlap Neg,0.6524390243902439
starcoder_temp_0_2,Base,0.32201219512195123,0.44610516389578075,0.5165312329672557
starcoder_temp_0_2,Base + Extra,0.27234756097560975,0.3867132695390185,0.46772609676439214
starcoder_temp_0_2,PropertyEval,0.22847560975609754,0.3415934805159619,0.4275058096783436
starcoder_temp_0_2,PropertyEval-Evalplus Overlap Pos,0.22762195121951218,0.33545584260778316,0.4095753250900994
starcoder_temp_0_2,PropertyEval-Evalplus Overlap Neg,0.7028048780487806,0.8242652468201432,0.8639727374985139
starcoder_temp_0_4,Base,0.2963719512195122,0.5045721375852461,0.6528838011573476
starcoder_temp_0_4,Base + Extra,0.2514939024390244,0.4426676782896373,0.5766043731701459
starcoder_temp_0_4,PropertyEval,0.21018292682926829,0.38972454342484725,0.5184397574341428
starcoder_temp_0_4,PropertyEval-Evalplus Overlap Pos,0.20865853658536584,0.3819176065658205,0.4928706487911928
starcoder_temp_0_4,PropertyEval-Evalplus Overlap Neg,0.7089634146341464,0.8851032348208012,0.9225620175505144
starcoder_temp_0_6,Base,0.2760365853658536,0.5589993429144765,0.783350015469578
starcoder_temp_0_6,Base + Extra,0.2339939024390244,0.4993508365961101,0.7136097919052029
starcoder_temp_0_6,PropertyEval,0.19463414634146345,0.430695951794437,0.6201785928241073
starcoder_temp_0_6,PropertyEval-Evalplus Overlap Pos,0.19268292682926833,0.42295427291255516,0.6070172912040961
starcoder_temp_0_6,PropertyEval-Evalplus Overlap Neg,0.7135975609756098,0.9342349573484919,0.975416473413508
starcoder_temp_0_8,Base,0.24551829268292683,0.567426913139156,0.8447041523713169
starcoder_temp_0_8,Base + Extra,0.20338414634146343,0.4992180682930793,0.7617556049888576
starcoder_temp_0_8,PropertyEval,0.16777439024390248,0.42985158391887,0.666572862301305
starcoder_temp_0_8,PropertyEval-Evalplus Overlap Pos,0.16469512195121955,0.4195095632017505,0.6478601080180327
starcoder_temp_0_8,PropertyEval-Evalplus Overlap Neg,0.7453353658536587,0.9615391909250803,0.9873040739535439
vicuna_13b_temp_0_0,Base,0.16463414634146342
vicuna_13b_temp_0_0,Base + Extra,0.14634146341463414
vicuna_13b_temp_0_0,PropertyEval,0.10975609756097561
vicuna_13b_temp_0_0,PropertyEval-Evalplus Overlap Pos,0.10975609756097561
vicuna_13b_temp_0_0,PropertyEval-Evalplus Overlap Neg,0.8048780487804879
vicuna_13b_temp_0_2,Base,0.15314024390243905,0.21622812798323243,0.26380931697932547
vicuna_13b_temp_0_2,Base + Extra,0.1342378048780488,0.1887616747448304,0.2259310045976152
vicuna_13b_temp_0_2,PropertyEval,0.09457317073170733,0.14618431954051406,0.17302694427765278
vicuna_13b_temp_0_2,PropertyEval-Evalplus Overlap Pos,0.09448170731707317,0.14621382611879605,0.17302694427765278
vicuna_13b_temp_0_2,PropertyEval-Evalplus Overlap Neg,0.8190243902439024,0.8886077794428134,0.9023952381589814
vicuna_13b_temp_0_4,Base,0.14640243902439024,0.2504807867962977,0.3650877948691359
vicuna_13b_temp_0_4,Base + Extra,0.1269817073170732,0.20805038568733325,0.3064426863341792
vicuna_13b_temp_0_4,PropertyEval,0.08737804878048781,0.15409728662284095,0.22219998051783996
vicuna_13b_temp_0_4,PropertyEval-Evalplus Overlap Pos,0.08701219512195123,0.15341953919455723,0.21761914953218836
vicuna_13b_temp_0_4,PropertyEval-Evalplus Overlap Neg,0.8223170731707318,0.907797224023442,0.9359429177322292
vicuna_13b_temp_0_6,Base,0.14179878048780487,0.2810665500588924,0.48306742270045955
vicuna_13b_temp_0_6,Base + Extra,0.1214939024390244,0.2349133351002764,0.41932963733363326
vicuna_13b_temp_0_6,PropertyEval,0.08509146341463414,0.18465814532435607,0.337358750905821
vicuna_13b_temp_0_6,PropertyEval-Evalplus Overlap Pos,0.08350609756097561,0.182089839116848,0.32954796344851034
vicuna_13b_temp_0_6,PropertyEval-Evalplus Overlap Neg,0.8246951219512195,0.9308030469364793,0.9622210801437576
vicuna_13b_temp_0_8,Base,0.13189024390243903,0.3010352862981591,0.5477550849213517
vicuna_13b_temp_0_8,Base + Extra,0.11286585365853657,0.25115414760782934,0.4592012943895794
vicuna_13b_temp_0_8,PropertyEval,0.08207317073170732,0.20671702013937188,0.3891976650966095
vicuna_13b_temp_0_8,PropertyEval-Evalplus Overlap Pos,0.08018292682926828,0.20364276946534987,0.3739811792426102
vicuna_13b_temp_0_8,PropertyEval-Evalplus Overlap Neg,0.8359451219512195,0.9507014567316966,0.9750163140163697
vicuna_7b_temp_0_0,Base,0.11585365853658537
vicuna_7b_temp_0_0,Base + Extra,0.10975609756097561
vicuna_7b_temp_0_0,PropertyEval,0.07317073170731707
vicuna_7b_temp_0_0,PropertyEval-Evalplus Overlap Pos,0.07317073170731707
vicuna_7b_temp_0_0,PropertyEval-Evalplus Overlap Neg,0.823170731707317
vicuna_7b_temp_0_2,Base,0.10908536585365854,0.1826325458248369,0.25081597344760115
vicuna_7b_temp_0_2,Base + Extra,0.1022560975609756,0.16243560915190977,0.20350235167381672
vicuna_7b_temp_0_2,PropertyEval,0.07253048780487804,0.12653625325710943,0.17264432591093806
vicuna_7b_temp_0_2,PropertyEval-Evalplus Overlap Pos,0.07253048780487804,0.12653625325710943,0.17264432591093806
vicuna_7b_temp_0_2,PropertyEval-Evalplus Overlap Neg,0.8490548780487805,0.9172227182110145,0.9384519597345986
vicuna_7b_temp_0_4,Base,0.10667682926829267,0.20853222484543427,0.30879983649042875
vicuna_7b_temp_0_4,Base + Extra,0.09820121951219514,0.17889467961116323,0.23775830165461126
vicuna_7b_temp_0_4,PropertyEval,0.07298780487804879,0.14787558131242942,0.22167526202176335
vicuna_7b_temp_0_4,PropertyEval-Evalplus Overlap Pos,0.0726219512195122,0.14630792144666627,0.21023084480571702
vicuna_7b_temp_0_4,PropertyEval-Evalplus Overlap Neg,0.851951219512195,0.950230872932077,0.9815986894261435
vicuna_7b_temp_0_6,Base,0.10417682926829269,0.23820144535452104,0.4230643400407329
vicuna_7b_temp_0_6,Base + Extra,0.09420731707317075,0.20114180998254527,0.33964279771472483
vicuna_7b_temp_0_6,PropertyEval,0.07152439024390245,0.16666933141268123,0.3091015262868879
vicuna_7b_temp_0_6,PropertyEval-Evalplus Overlap Pos,0.07109756097560976,0.16573363210667813,0.30300396531112783
vicuna_7b_temp_0_6,PropertyEval-Evalplus Overlap Neg,0.8605182926829268,0.9708786356250182,0.9862880994509255
vicuna_7b_temp_0_8,Base,0.09411585365853659,0.2346948835017063,0.3967872531209161
vicuna_7b_temp_0_8,Base + Extra,0.0838109756097561,0.19844192795233864,0.3222171081506022
vicuna_7b_temp_0_8,PropertyEval,0.06405487804878048,0.16409012733925057,0.2917913747236677
vicuna_7b_temp_0_8,PropertyEval-Evalplus Overlap Pos,0.06286585365853657,0.16113020674048986,0.2772981670142256
vicuna_7b_temp_0_8,PropertyEval-Evalplus Overlap Neg,0.8659146341463414,0.98184140494547,0.9994065801903635
